{"cameraMode":{"drawMode":0,"name":"Shaded","section":"Shading Mode"},"sceneLighting":false,"audioPlay":false,"sceneViewState":{"showFog":true,"showMaterialUpdate":true,"showSkybox":false,"showFlares":true,"showImageEffects":true,"showParticleSystems":true},"in2DMode":false,"pivot":{"x":358.521484375,"y":898.612548828125,"z":-2.4373779296875},"rotation":{"x":0.016808487474918367,"y":-0.0015045901527628303,"z":0.000025359027858939953,"w":0.9998584389686585},"size":195.75067138671876,"orthographic":false}