{"cameraMode":{"drawMode":0,"name":"Shaded","section":"Shading Mode"},"sceneLighting":true,"audioPlay":false,"sceneViewState":{"showFog":false,"showMaterialUpdate":false,"showSkybox":false,"showFlares":false,"showImageEffects":false,"showParticleSystems":false},"in2DMode":false,"pivot":{"x":-0.11268949508666992,"y":0.37621641159057619,"z":-1.1690542697906495},"rotation":{"x":0.12166624516248703,"y":-0.8471982479095459,"z":0.22030174732208253,"w":0.4679129123687744},"size":1.4548604488372803,"orthographic":false}