{"cameraMode":{"drawMode":0,"name":"Shaded","section":"Shading Mode"},"sceneLighting":false,"audioPlay":false,"sceneViewState":{"showFog":true,"showMaterialUpdate":true,"showSkybox":false,"showFlares":true,"showImageEffects":true,"showParticleSystems":true},"in2DMode":false,"pivot":{"x":-34.405147552490237,"y":-33.795833587646487,"z":-1.240631103515625},"rotation":{"x":0.016808487474918367,"y":-0.0015045901527628303,"z":0.000025359027858939953,"w":0.9998584389686585},"size":225.54129028320313,"orthographic":false}